<?xml version="1.0" encoding="UTF-8" standalone="yes"?>
<rtc:RtcProfile rtc:version="0.2" rtc:id="RTC:AIST:Sample:DigitalIn:0.0.1" xmlns:rtcExt="http://www.openrtp.org/namespaces/rtc_ext" xmlns:rtcDoc="http://www.openrtp.org/namespaces/rtc_doc" xmlns:rtc="http://www.openrtp.org/namespaces/rtc" xmlns:xsi="http://www.w3.org/2001/XMLSchema-instance">
    <rtc:BasicInfo xsi:type="rtcExt:basic_info_ext" rtcExt:saveProject="DigitalInRPI" rtc:updateDate="2012-12-24T00:55:35+09:00" rtc:creationDate="2012-12-24T00:54:57+09:00" rtc:version="0.0.1" rtc:vendor="AIST" rtc:maxInstances="1" rtc:executionType="PeriodicExecutionContext" rtc:executionRate="1000.0" rtc:description="Digital In Sample for Raspberry Pi" rtc:category="Sample" rtc:componentKind="DataFlowComponent" rtc:activityType="PERIODIC" rtc:componentType="STATIC" rtc:name="DigitalIn">
        <rtcDoc:Doc rtcDoc:reference="" rtcDoc:license="" rtcDoc:creator="" rtcDoc:algorithm="" rtcDoc:inout="" rtcDoc:description="Raspberry Piを使用したDigitalInコンポーネント&lt;br/&gt;入力されたデータ(True/False)に応じて，LEDをON/OFF"/>
        <rtcExt:VersionUpLogs></rtcExt:VersionUpLogs>
        <rtcExt:VersionUpLogs></rtcExt:VersionUpLogs>
        <rtcExt:VersionUpLogs></rtcExt:VersionUpLogs>
    </rtc:BasicInfo>
    <rtc:Actions>
        <rtc:OnInitialize xsi:type="rtcDoc:action_status_doc" rtc:implemented="true"/>
        <rtc:OnFinalize xsi:type="rtcDoc:action_status_doc" rtc:implemented="false"/>
        <rtc:OnStartup xsi:type="rtcDoc:action_status_doc" rtc:implemented="false"/>
        <rtc:OnShutdown xsi:type="rtcDoc:action_status_doc" rtc:implemented="false"/>
        <rtc:OnActivated xsi:type="rtcDoc:action_status_doc" rtc:implemented="true">
            <rtcDoc:Doc rtcDoc:postCondition="" rtcDoc:preCondition="" rtcDoc:description="GPIOポートの初期化"/>
        </rtc:OnActivated>
        <rtc:OnDeactivated xsi:type="rtcDoc:action_status_doc" rtc:implemented="true">
            <rtcDoc:Doc rtcDoc:postCondition="" rtcDoc:preCondition="" rtcDoc:description="GPIOポートの停止"/>
        </rtc:OnDeactivated>
        <rtc:OnAborting xsi:type="rtcDoc:action_status_doc" rtc:implemented="false"/>
        <rtc:OnError xsi:type="rtcDoc:action_status_doc" rtc:implemented="false"/>
        <rtc:OnReset xsi:type="rtcDoc:action_status_doc" rtc:implemented="false"/>
        <rtc:OnExecute xsi:type="rtcDoc:action_status_doc" rtc:implemented="true">
            <rtcDoc:Doc rtcDoc:postCondition="" rtcDoc:preCondition="" rtcDoc:description="GPIOポートへのデータ出力"/>
        </rtc:OnExecute>
        <rtc:OnStateUpdate xsi:type="rtcDoc:action_status_doc" rtc:implemented="false"/>
        <rtc:OnRateChanged xsi:type="rtcDoc:action_status_doc" rtc:implemented="false"/>
        <rtc:OnAction xsi:type="rtcDoc:action_status_doc" rtc:implemented="false"/>
        <rtc:OnModeChanged xsi:type="rtcDoc:action_status_doc" rtc:implemented="false"/>
    </rtc:Actions>
    <rtc:ConfigurationSet>
        <rtc:Configuration xsi:type="rtcExt:configuration_ext" rtcExt:variableName="" rtc:unit="" rtc:defaultValue="17" rtc:type="int" rtc:name="PortNo">
            <rtcExt:Properties rtcExt:value="text" rtcExt:name="__widget__"/>
        </rtc:Configuration>
    </rtc:ConfigurationSet>
    <rtc:DataPorts xsi:type="rtcExt:dataport_ext" rtcExt:position="LEFT" rtcExt:variableName="" rtc:unit="" rtc:subscriptionType="" rtc:dataflowType="" rtc:interfaceType="" rtc:idlFile="" rtc:type="RTC::TimedBoolean" rtc:name="in" rtc:portType="DataInPort">
        <rtcDoc:Doc rtcDoc:operation="" rtcDoc:occerrence="" rtcDoc:unit="" rtcDoc:semantics="" rtcDoc:number="" rtcDoc:type="" rtcDoc:description="LEDのON/OFF指令"/>
    </rtc:DataPorts>
    <rtc:Language xsi:type="rtcExt:language_ext" rtc:kind="C++"/>
</rtc:RtcProfile>
